session_id,lap_number,lap_time_s,sample_count,avg_speed_kmh,max_speed_kmh,min_speed_kmh,peak_rpm,avg_throttle_pct,full_throttle_pct,peak_brake_pct,braking_events,peak_temp_c,avg_temp_c,min_voltage_v,max_abs_steering_deg,lap_rank_in_session,gap_to_session_best_s
S01,1,63.8,639,61.97,111.25,0.0,10878.0,44.05,31.14,100.0,3,54.8,46.11,383.57,122.3,8,3.2
S01,2,60.9,610,64.98,111.36,35.66,10887.0,42.04,28.69,100.0,3,60.16,54.03,383.53,124.0,5,0.3
S01,3,60.6,607,65.24,111.54,35.89,10901.0,42.21,28.83,100.0,3,61.7,56.31,382.81,123.6,1,0.0
S01,4,61.6,617,64.29,111.17,35.19,10871.0,41.27,27.88,100.0,3,61.96,56.18,382.68,122.2,7,1.0
S01,5,60.8,609,65.07,111.35,35.67,10886.0,42.06,28.74,100.0,3,62.25,56.63,381.77,122.5,3,0.2
S01,6,60.7,608,65.19,111.4,35.75,10890.0,42.19,28.95,100.0,4,62.7,56.98,381.14,127.3,2,0.1
S01,7,60.8,609,65.1,111.3,35.69,10882.0,42.12,28.9,100.0,3,63.05,57.15,380.85,122.0,3,0.2
S01,8,61.4,615,64.5,111.21,35.28,10875.0,41.49,28.29,100.0,3,62.37,56.51,380.22,124.1,6,0.8
S02,1,60.6,607,65.18,111.47,0.0,10896.0,45.01,30.81,100.0,3,60.26,51.46,384.09,122.3,8,3.1
S02,2,58.3,584,67.88,112.94,37.82,11016.0,42.96,27.91,100.0,4,66.54,60.55,383.38,120.9,3,0.8
S02,3,57.5,576,68.84,112.89,38.01,11012.0,43.35,27.95,100.0,3,68.86,63.32,383.2,125.0,1,0.0
S02,4,58.3,584,67.85,112.72,37.82,10998.0,42.89,27.91,100.0,3,70.06,63.94,382.46,122.8,3,0.8
S02,5,58.5,586,67.66,112.93,37.82,11015.0,42.67,27.82,100.0,3,70.09,63.82,382.1,125.8,7,1.0
S02,6,58.3,584,67.91,112.78,37.95,11003.0,42.91,27.91,100.0,3,69.7,63.71,381.13,122.8,3,0.8
S02,7,58.2,583,68.0,112.72,37.93,10998.0,42.93,27.96,100.0,3,69.76,63.77,380.63,122.8,2,0.7
S02,8,58.4,585,67.77,112.82,37.86,11006.0,42.74,27.86,100.0,4,69.97,63.79,380.16,122.5,6,0.9
S03,1,59.4,595,66.5,112.03,0.0,10942.0,46.05,31.43,100.0,4,73.12,63.99,383.65,123.6,8,2.7
S03,2,56.7,568,69.73,112.88,38.79,11011.0,43.53,27.82,100.0,3,79.6,73.5,383.35,122.0,1,0.0
S03,3,56.7,568,69.73,112.8,38.75,11005.0,43.51,27.82,100.0,3,81.57,76.08,382.46,122.1,1,0.0
S03,4,56.7,568,69.74,112.93,38.82,11015.0,43.74,27.99,100.0,3,82.75,76.94,381.8,121.3,1,0.0
S03,5,56.7,568,69.81,112.93,38.8,11015.0,43.53,27.82,100.0,3,83.19,77.15,381.86,121.3,1,0.0
S03,6,57.1,572,69.36,112.8,38.41,11005.0,43.33,27.8,100.0,3,83.14,77.03,380.82,122.6,6,0.4
S03,7,57.1,572,69.28,112.77,38.46,11002.0,43.43,27.8,100.0,3,82.93,76.89,380.9,125.1,6,0.4
S03,8,56.7,568,69.74,112.84,38.7,11008.0,43.57,27.82,100.0,3,82.95,77.01,380.17,122.8,1,0.0
S04,1,59.5,596,66.35,111.84,0.0,10926.0,46.05,31.38,100.0,4,81.74,68.75,384.2,124.6,8,2.6
S04,2,57.3,574,68.99,112.93,38.21,11015.0,43.55,28.05,100.0,3,103.22,94.24,383.25,126.1,4,0.4
S04,3,56.9,570,69.51,112.93,38.6,11015.0,43.51,28.07,100.0,3,115.37,108.18,382.94,124.0,1,0.0
S04,4,57.6,577,68.68,112.86,37.98,11009.0,43.14,27.73,100.0,3,122.09,116.0,382.51,125.1,7,0.7
S04,5,57.2,573,69.12,112.89,38.38,11012.0,43.58,27.92,100.0,3,126.1,120.36,381.81,121.1,3,0.3
S04,6,57.5,576,68.83,112.82,38.01,11006.0,43.2,27.78,100.0,3,128.17,122.88,381.17,123.2,6,0.6
S04,7,57.3,574,69.09,112.91,38.31,11014.0,43.4,27.87,100.0,3,129.8,124.34,380.61,122.7,4,0.4
S04,8,56.9,570,69.56,112.91,38.55,11013.0,43.5,27.72,100.0,3,130.84,125.25,379.92,122.4,1,0.0
S05,1,58.0,581,68.05,111.98,0.0,10938.0,46.5,31.67,100.0,3,64.17,55.13,384.11,121.7,8,2.8
S05,2,55.4,555,71.47,112.83,40.21,11007.0,43.76,27.57,100.0,3,70.95,64.92,383.33,123.3,2,0.2
S05,3,55.4,555,71.39,112.8,40.22,11004.0,43.73,27.75,100.0,3,72.99,67.7,381.99,122.3,2,0.2
S05,4,55.4,555,71.4,112.8,40.29,11004.0,43.55,27.39,100.0,3,74.27,68.42,382.53,127.1,2,0.2
S05,5,55.4,555,71.39,112.83,40.18,11007.0,43.77,27.39,100.0,3,74.54,68.65,381.91,122.6,2,0.2
S05,6,55.5,556,71.31,112.78,40.17,11003.0,43.69,27.7,100.0,3,74.76,68.8,381.29,122.5,6,0.3
S05,7,55.2,553,71.75,112.91,40.26,11013.0,44.12,27.85,100.0,3,74.83,68.99,380.58,124.2,1,0.0
S05,8,55.5,556,71.31,112.93,39.98,11015.0,43.95,28.06,100.0,3,75.14,69.18,379.84,119.0,6,0.3
S06,1,59.4,595,66.55,112.07,0.0,10945.0,45.93,31.43,100.0,3,63.08,53.94,370.2,123.8,8,3.1
S06,2,56.3,564,70.28,112.76,39.18,11001.0,43.74,28.19,100.0,3,69.64,63.56,369.59,123.6,1,0.0
S06,3,56.9,570,69.51,112.74,38.57,11000.0,43.48,27.54,100.0,3,71.69,66.17,368.72,122.4,7,0.6
S06,4,56.6,567,69.87,112.82,38.73,11006.0,43.65,28.04,100.0,3,72.67,66.91,367.91,123.2,3,0.3
S06,5,56.3,564,70.28,112.83,39.04,11007.0,43.65,27.84,100.0,3,73.15,67.22,367.31,122.5,1,0.0
S06,6,56.7,568,69.78,112.82,38.76,11006.0,43.56,27.82,100.0,3,73.31,67.28,366.63,121.3,6,0.4
S06,7,56.6,567,69.97,112.88,38.92,11011.0,43.55,27.87,100.0,3,73.29,67.27,366.15,120.9,3,0.3
S06,8,56.6,567,69.92,112.93,38.98,11015.0,43.62,28.04,100.0,3,73.29,67.23,365.74,124.4,3,0.3
